﻿<?xml version="1.0"?>
<Configuration>
	<Particles>
		<Particle ID="Water" Type="Liquid" Color="Blue" Placeable="True" Colorful="True" />
		<Particle ID="Wall" Type="Solid" Color="Gray" Placeable="True" />
		<Particle ID="Plant" Type="Solid" Color="Green" Placeable="True" Colorful="True" />
		<Particle ID="Fire" Type="Gas" Color="Red" Placeable="True" Colorful="True" />
		<Particle ID="Spark" Type="Liquid" Color="Orange" Colorful="True" />
		<Particle ID="Smoke" Type="Gas" Color="Gray" Colorful="True" />
	</Particles>
	
	<Reactions>
		<!-- Plants grow with water -->
		<Reaction Core="Water" Chance="0.8" Product="Plant">
			<Reactant ID="Plant" Concentration="1" />
		</Reaction>
		
		<!-- Plants light on fire -->
		<Reaction Core="Plant" Chance="0.8" Product="Spark">
			<Reactant ID="Fire" Concentration="1" />
		</Reaction> 
		<Reaction Core="Plant" Chance="0.8" Product="Spark">
			<Reactant ID="Spark" Concentration="1" />
		</Reaction> 

		<!-- Fire eventually goes out without fuel -->
		<Reaction Core="Fire" Chance="0.04" />
		<Reaction Core="Fire" Chance="0.01" Product="Smoke" />
		<Reaction Core="Smoke" Chance="0.01" />
		
		<!-- Fire alternates with sparks -->
		<Reaction Core="Spark" Chance="0.5" Product="Fire" />
		<Reaction Core="Fire" Chance="0.1" Product="Spark" />
	</Reactions>
</Configuration>