﻿<?xml version="1.0"?>
<Configuration>
	<Particles>
		<Particle ID="Water" Type="Liquid" Color="White" />
		
		<Particle ID="Red Crystal Seed" Type="Solid" Color="Red" Flags="Placeable,Colorful" />
		<Particle ID="Red Crystal" Type="Solid" Color="Red" Flags="Colorful" />
		
		<Particle ID="Green Crystal Seed" Type="Solid" Color="Green" Flags="Placeable,Colorful" />
		<Particle ID="Green Crystal" Type="Solid" Color="Green" Flags="Colorful" />
		
		<Particle ID="Blue Crystal Seed" Type="Plasma" Color="Blue" Flags="Placeable,Colorful" />
		<Particle ID="Blue Crystal" Type="Plasma" Color="Blue" Flags="Colorful" />
	</Particles>
	
	<Reactions>
		<!-- Red crystals grown in flowery spreading shapes -->
		<Reaction Core="Water" Product="Red Crystal">
			<Reactant ID="Red Crystal Seed" Minimum="1" />
			<Reactant ID="Red Crystal" Maximum="2" />
		</Reaction>
		<Reaction Core="Water" Product="Red Crystal">
			<Reactant ID="Red Crystal" Minimum="1" Maximum="2" />
		</Reaction>
		<Reaction Core="Red Crystal Seed" Chance="0.5">
			<Reactant ID="Red Crystal Seed" Minimum="3" />
		</Reaction>
		<Reaction Core="Red Crystal">
			<Reactant ID="Red Crystal" Minimum="3" />
		</Reaction>
		
		<!-- Green crystals grow in sheets -->
		<Reaction Core="Water" Product="Green Crystal">
			<Reactant ID="Green Crystal Seed" Minimum="1" />
		</Reaction>
		<Reaction Core="Water" Product="Green Crystal">
			<Reactant ID="Green Crystal" Minimum="3" />
		</Reaction>
	
		<!-- Blue crystals take over other crystals and then fade out -->
		<Reaction Core="Red Crystal Seed,Red Crystal,Green Crystal Seed,Green Crystal" Product="Blue Crystal Seed">
			<Reactant ID="Blue Crystal Seed" Minimum="1" />
		</Reaction>
		<Reaction Core="Red Crystal Seed,Red Crystal,Green Crystal Seed,Green Crystal" Product="Blue Crystal Seed">
			<Reactant ID="Blue Crystal" Minimum="1" />
		</Reaction>
		<Reaction Core="Blue Crystal Seed" Chance="0.5" Product="Blue Crystal" />
		<Reaction Core="Blue Crystal" Chance="0.5" />
	</Reactions>
</Configuration>