﻿<?xml version="1.0"?>
<Configuration>
	<Particles>
		<Particle ID="White" Type="Solid" Color="White" />
		<Particle ID="Red" Type="Liquid" Color="Red" Placeable="True" />
		<Particle ID="Blue" Type="Gas" Color="Blue" Placeable="True" />
	</Particles>
	
	<Reactions>
		<Reaction Core="Red" Product="Wall">
			<Reactant ID="Blue" Concentration="1" />
		</Reaction>
		<Reaction Core="Blue" Product="Wall">
			<Reactant ID="Red" Concentration="1" />
		</Reaction>
		<Reaction Core="White" Chance="0.01" />
	</Reactions>
</Configuration>