﻿<?xml version="1.0"?>
<Configuration>
	<Particles>
		<!-- Water -->
		<Particle ID="Water" Type="Liquid" Color="Blue" Flags="Placeable,Colorful" />
		<Particle ID="Hot Water" Type="Liquid" Color="Blue" Flags="Colorful" />
		
		<!-- Solids -->
		<Particle ID="Wall" Type="Solid" Color="Gray" Flags="Placeable" />
		<Particle ID="Soil" Type="Solid" Color="Brown" Flags="Placeable,Colorful" />
		
		<!-- Plants -->
		<Particle ID="Plant" Type="Solid" Color="Green" Flags="Colorful" />
		<Particle ID="Red Flower" Type="Solid" Color="Red" />
		<Particle ID="Orange Flower" Type="Solid" Color="Orange" />
		<Particle ID="Yellow Flower" Type="Solid" Color="Yellow" />
		<Particle ID="White Flower" Type="Solid" Color="White" />
		<Particle ID="Pink Flower" Type="Solid" Color="Pink" />
	
		<!-- Fire -->
		<Particle ID="Fire" Type="Gas" Color="Red" Flags="Placeable,Colorful" />
		<Particle ID="Spark" Type="Liquid" Color="Orange" Flags="Colorful" />
		<Particle ID="Smoke" Type="Gas" Color="Gray" Flags="Colorful" />
	</Particles>
	
	<Reactions>
		<!-- Grow flowers -->
		<Reaction Core="Water" Chance="0.01" Product="Red Flower,Orange Flower,Yellow Flower,White Flower,Pink Flower">
			<Reactant ID="Plant" Minimum="1" />
			<Reactant ID="Empty" Minimum="4" />
		</Reaction>

		<!-- Plants grow with water, leave space around flowers -->
		<Reaction Core="Water" Product="Plant">
			<Reactant ID="Soil" Minimum="1" />
			<Reactant ID="Plant" Maximum="2" />
			<Reactant ID="Red Flower" Maximum="0" />
			<Reactant ID="Orange Flower" Maximum="0" />
			<Reactant ID="Yellow Flower" Maximum="0" />
			<Reactant ID="White Flower" Maximum="0" />
			<Reactant ID="Pink Flower" Maximum="0" />
		</Reaction>
		<Reaction Core="Water" Product="Plant">
			<Reactant ID="Plant" Minimum="1" Maximum="2" />
		</Reaction>
		<Reaction Core="Water">
			<Reactant ID="Plant" Minimum="1" />
		</Reaction>
		
		<!-- Plants light on fire -->
		<Reaction Core="Plant,Red Flower,Orange Flower,Yellow Flower,White Flower,Pink Flower" Chance="0.8" Product="Spark">
			<Reactant ID="Spark" Minimum="1" />
		</Reaction> 
		<Reaction Core="Plant,Red Flower,Orange Flower,Yellow Flower,White Flower,Pink Flower" Chance="0.8" Product="Spark">
			<Reactant ID="Fire" Minimum="1" />
		</Reaction> 

		<!-- Fire eventually goes out without fuel -->
		<Reaction Core="Spark" Chance="0.2" Product="Fire" />
		<Reaction Core="Fire" Chance="0.05" Product="Spark" />
		<Reaction Core="Fire" Chance="0.05" />
		<Reaction Core="Fire" Chance="0.05" Product="Smoke" />
		<Reaction Core="Smoke" Chance="0.05" />
	</Reactions>
</Configuration>